order_id,order_date,customer_segment,region,product_category,product_name,unit_price,quantity,discount,total_revenue,payment_method,customer_rating
ORD-2024-0001,2024-02-27,Small Business,North America,Electronics,Smart Watch,211.25,1,0.0,211.25,Apple Pay,2
ORD-2024-0002,2024-02-17,Consumer,Latin America,Furniture,Standing Desk,436.45,2,0.0,872.9,Apple Pay,4
ORD-2024-0003,2024-01-04,Consumer,Asia-Pacific,Furniture,Desk Lamp LED,36.6,1,0.0,36.6,Credit Card,4
ORD-2024-0004,2024-07-02,Consumer,Latin America,Office Supplies,Stapler Heavy Duty,22.08,4,0.1,79.49,Bank Transfer,5
ORD-2024-0005,2024-07-04,Consumer,North America,Furniture,Ergonomic Office Chair,274.1,1,0.0,274.1,Credit Card,4
ORD-2024-0006,2024-08-20,Small Business,North America,Office Supplies,Gel Pen Set 12x,11.72,1,0.0,11.72,PayPal,4
ORD-2024-0007,2024-05-05,Small Business,Europe,Furniture,Desk Lamp LED,35.49,1,0.2,28.39,Bank Transfer,5
ORD-2024-0008,2024-01-29,Consumer,Asia-Pacific,Furniture,Ergonomic Office Chair,267.85,4,0.0,1071.4,Apple Pay,4
ORD-2024-0009,2024-08-22,Small Business,Latin America,Furniture,Bookshelf 5-Tier,120.47,1,0.1,108.42,Apple Pay,4
ORD-2024-0010,2024-03-11,Small Business,Europe,Apparel,Cotton Hoodie,53.09,3,0.15,135.38,Apple Pay,4
ORD-2024-0011,2024-07-16,Small Business,North America,Apparel,Waterproof Backpack,67.35,2,0.2,107.76,Credit Card,5
ORD-2024-0012,2024-10-01,Small Business,Asia-Pacific,Office Supplies,Stapler Heavy Duty,21.9,1,0.0,21.9,PayPal,4
ORD-2024-0013,2024-02-24,Small Business,North America,Office Supplies,Gel Pen Set 12x,12.05,1,0.1,10.85,Bank Transfer,4
ORD-2024-0014,2024-02-27,Consumer,North America,Office Supplies,Stapler Heavy Duty,22.15,1,0.0,22.15,Apple Pay,5
ORD-2024-0015,2024-09-29,Consumer,Latin America,Furniture,Standing Desk,434.93,3,0.15,1109.07,PayPal,5
ORD-2024-0016,2024-07-23,Corporate,North America,Office Supplies,Document Scanner,185.21,4,0.0,740.84,Credit Card,4
ORD-2024-0017,2024-04-27,Corporate,North America,Furniture,Ergonomic Office Chair,272.41,1,0.05,258.79,Credit Card,4
ORD-2024-0018,2024-05-22,Consumer,Latin America,Apparel,Tech Jacket,114.21,2,0.1,205.58,Apple Pay,5
ORD-2024-0019,2024-04-07,Small Business,North America,Electronics,Laptop Pro 15,1189.33,3,0.0,3567.99,Credit Card,2
ORD-2024-0020,2024-06-22,Corporate,Europe,Electronics,Wireless Headphones,144.6,1,0.05,137.37,Apple Pay,4
ORD-2024-0021,2024-02-08,Consumer,North America,Apparel,Cotton Hoodie,56.85,1,0.2,45.48,PayPal,4
ORD-2024-0022,2024-09-03,Corporate,Latin America,Furniture,Desk Lamp LED,33.26,5,0.0,166.3,Apple Pay,4
ORD-2024-0023,2024-10-11,Small Business,North America,Apparel,Tech Jacket,105.14,1,0.0,105.14,Bank Transfer,2
ORD-2024-0024,2024-10-26,Small Business,North America,Apparel,Tech Jacket,113.86,1,0.05,108.17,Credit Card,5
ORD-2024-0025,2024-04-30,Small Business,North America,Apparel,Cotton Hoodie,55.43,5,0.05,263.29,Credit Card,4
ORD-2024-0026,2024-10-25,Consumer,Latin America,Office Supplies,Stapler Heavy Duty,21.43,1,0.1,19.29,Bank Transfer,4
ORD-2024-0027,2024-02-07,Small Business,Europe,Electronics,USB-C Hub,43.2,2,0.05,82.08,Bank Transfer,3
ORD-2024-0028,2024-06-27,Small Business,Asia-Pacific,Electronics,Wireless Headphones,155.01,1,0.0,155.01,Credit Card,5
ORD-2024-0029,2024-10-10,Small Business,North America,Office Supplies,Premium Notebook 3-Pack,17.31,5,0.0,86.55,PayPal,4
ORD-2024-0030,2024-04-17,Consumer,Asia-Pacific,Office Supplies,Gel Pen Set 12x,12.01,3,0.15,30.63,Credit Card,5
ORD-2024-0031,2024-05-21,Small Business,Europe,Electronics,Laptop Pro 15,1257.58,1,0.0,1257.58,Apple Pay,4
ORD-2024-0032,2024-08-06,Corporate,North America,Electronics,Laptop Pro 15,1248.47,1,0.15,1061.2,PayPal,4
ORD-2024-0033,2024-01-22,Consumer,Asia-Pacific,Office Supplies,Stapler Heavy Duty,22.79,4,0.1,82.04,PayPal,5
ORD-2024-0034,2024-06-30,Corporate,Europe,Apparel,Tech Jacket,106.29,5,0.0,531.45,Credit Card,3
ORD-2024-0035,2024-06-19,Corporate,North America,Apparel,Tech Jacket,105.69,1,0.1,95.12,PayPal,3
ORD-2024-0036,2024-08-23,Corporate,Europe,Office Supplies,Stapler Heavy Duty,21.39,4,0.15,72.73,Bank Transfer,4
ORD-2024-0037,2024-02-05,Consumer,Asia-Pacific,Office Supplies,Stapler Heavy Duty,23.06,2,0.0,46.12,Credit Card,5
ORD-2024-0038,2024-05-13,Corporate,Asia-Pacific,Furniture,Bookshelf 5-Tier,118.15,1,0.05,112.24,Credit Card,4
ORD-2024-0039,2024-10-22,Corporate,Europe,Furniture,Bookshelf 5-Tier,120.24,1,0.0,120.24,Apple Pay,2
ORD-2024-0040,2024-06-18,Corporate,Latin America,Office Supplies,Premium Notebook 3-Pack,17.66,3,0.0,52.98,Apple Pay,5
ORD-2024-0041,2024-10-10,Small Business,Europe,Furniture,Standing Desk,457.98,2,0.15,778.57,Bank Transfer,4
ORD-2024-0042,2024-01-01,Corporate,Asia-Pacific,Office Supplies,Stapler Heavy Duty,22.23,1,0.1,20.01,Apple Pay,4
ORD-2024-0043,2024-04-19,Consumer,Asia-Pacific,Apparel,Tech Jacket,111.8,3,0.0,335.4,PayPal,5
ORD-2024-0044,2024-04-25,Corporate,North America,Furniture,Standing Desk,448.88,1,0.0,448.88,Apple Pay,5
ORD-2024-0045,2024-10-21,Consumer,North America,Furniture,Desk Lamp LED,35.55,2,0.0,71.1,Apple Pay,3
ORD-2024-0046,2024-09-22,Corporate,Europe,Apparel,Cotton Hoodie,52.92,2,0.15,89.96,Bank Transfer,5
ORD-2024-0047,2024-08-14,Consumer,Asia-Pacific,Apparel,Waterproof Backpack,64.84,4,0.1,233.42,Bank Transfer,5
ORD-2024-0048,2024-09-23,Corporate,Asia-Pacific,Apparel,Tech Jacket,107.64,1,0.0,107.64,Bank Transfer,5
ORD-2024-0049,2024-02-11,Corporate,North America,Furniture,Standing Desk,459.29,1,0.05,436.33,Apple Pay,4
ORD-2024-0050,2024-08-26,Small Business,North America,Apparel,Cotton Hoodie,57.23,1,0.0,57.23,Apple Pay,4
ORD-2024-0051,2024-06-29,Corporate,Europe,Office Supplies,Document Scanner,188.46,4,0.2,603.07,PayPal,4
ORD-2024-0052,2024-09-05,Corporate,Europe,Electronics,USB-C Hub,44.57,1,0.05,42.34,PayPal,5
ORD-2024-0053,2024-09-30,Consumer,Latin America,Electronics,USB-C Hub,43.13,2,0.05,81.95,Apple Pay,3
ORD-2024-0054,2024-05-13,Corporate,Latin America,Apparel,Casual Sneakers,87.22,1,0.0,87.22,Apple Pay,4
ORD-2024-0055,2024-02-11,Small Business,Europe,Apparel,Cotton Hoodie,57.49,3,0.0,172.47,Credit Card,5
ORD-2024-0056,2024-01-21,Corporate,Europe,Electronics,Wireless Headphones,144.79,1,0.0,144.79,Credit Card,4
ORD-2024-0057,2024-04-21,Consumer,North America,Apparel,Casual Sneakers,85.91,3,0.0,257.73,Bank Transfer,3
ORD-2024-0058,2024-01-14,Consumer,Europe,Office Supplies,Document Scanner,181.94,1,0.1,163.75,Bank Transfer,5
ORD-2024-0059,2024-03-02,Consumer,Asia-Pacific,Electronics,Smart Watch,210.52,2,0.05,399.99,Apple Pay,5
ORD-2024-0060,2024-02-24,Consumer,Latin America,Apparel,Casual Sneakers,86.76,2,0.1,156.17,Bank Transfer,4
ORD-2024-0061,2024-10-02,Consumer,Europe,Apparel,Waterproof Backpack,63.49,2,0.1,114.28,Bank Transfer,5
ORD-2024-0062,2024-05-04,Consumer,Latin America,Apparel,Waterproof Backpack,63.86,1,0.0,63.86,Bank Transfer,5
ORD-2024-0063,2024-06-23,Small Business,Europe,Office Supplies,Stapler Heavy Duty,21.32,2,0.05,40.51,Apple Pay,4
ORD-2024-0064,2024-05-03,Small Business,Latin America,Apparel,Waterproof Backpack,63.66,2,0.0,127.32,PayPal,4
ORD-2024-0065,2024-10-24,Corporate,Asia-Pacific,Office Supplies,Document Scanner,199.44,2,0.0,398.88,Apple Pay,4
ORD-2024-0066,2024-05-08,Consumer,Europe,Furniture,Ergonomic Office Chair,286.8,3,0.0,860.4,PayPal,5
ORD-2024-0067,2024-05-21,Consumer,Asia-Pacific,Office Supplies,Premium Notebook 3-Pack,17.75,4,0.0,71.0,PayPal,4
ORD-2024-0068,2024-01-28,Small Business,North America,Office Supplies,Gel Pen Set 12x,11.52,2,0.1,20.74,Bank Transfer,4
ORD-2024-0069,2024-08-13,Consumer,North America,Office Supplies,Gel Pen Set 12x,12.43,8,0.0,99.44,Apple Pay,4
ORD-2024-0070,2024-10-22,Consumer,Europe,Electronics,Wireless Headphones,147.06,1,0.05,139.71,Apple Pay,4
ORD-2024-0071,2024-04-25,Corporate,Latin America,Apparel,Waterproof Backpack,65.58,5,0.0,327.9,Credit Card,4
ORD-2024-0072,2024-02-20,Consumer,North America,Furniture,Standing Desk,438.29,1,0.0,438.29,Credit Card,4
ORD-2024-0073,2024-08-28,Consumer,Latin America,Office Supplies,Premium Notebook 3-Pack,18.37,1,0.1,16.53,PayPal,5
ORD-2024-0074,2024-04-11,Consumer,Europe,Apparel,Cotton Hoodie,57.25,2,0.05,108.77,Credit Card,3
ORD-2024-0075,2024-06-06,Small Business,Asia-Pacific,Office Supplies,Document Scanner,193.79,1,0.05,184.1,Apple Pay,4
ORD-2024-0076,2024-01-21,Small Business,North America,Apparel,Casual Sneakers,82.7,2,0.0,165.4,Bank Transfer,4
ORD-2024-0077,2024-03-30,Consumer,Latin America,Apparel,Waterproof Backpack,65.55,5,0.0,327.75,Apple Pay,4
ORD-2024-0078,2024-06-19,Small Business,Asia-Pacific,Office Supplies,Premium Notebook 3-Pack,18.35,4,0.0,73.4,Apple Pay,5
ORD-2024-0079,2024-10-08,Small Business,Latin America,Electronics,USB-C Hub,43.27,1,0.0,43.27,Credit Card,5
ORD-2024-0080,2024-10-04,Small Business,Latin America,Apparel,Waterproof Backpack,65.8,1,0.05,62.51,Apple Pay,5
ORD-2024-0081,2024-04-14,Consumer,North America,Office Supplies,Gel Pen Set 12x,12.24,5,0.0,61.2,PayPal,5
ORD-2024-0082,2024-06-08,Corporate,North America,Electronics,4K Monitor,413.66,2,0.0,827.32,Credit Card,5
ORD-2024-0083,2024-03-19,Consumer,Latin America,Apparel,Casual Sneakers,87.85,2,0.0,175.7,Apple Pay,4
ORD-2024-0084,2024-07-15,Corporate,Latin America,Furniture,Standing Desk,463.05,4,0.0,1852.2,Bank Transfer,5
ORD-2024-0085,2024-05-24,Small Business,Asia-Pacific,Office Supplies,Document Scanner,189.7,4,0.0,758.8,Apple Pay,4
ORD-2024-0086,2024-06-13,Corporate,North America,Furniture,Standing Desk,462.4,2,0.0,924.8,Apple Pay,5
ORD-2024-0087,2024-07-14,Consumer,Asia-Pacific,Apparel,Tech Jacket,110.03,2,0.0,220.06,Apple Pay,3
ORD-2024-0088,2024-08-21,Corporate,Latin America,Electronics,Wireless Headphones,144.82,2,0.05,275.16,Bank Transfer,5
ORD-2024-0089,2024-07-22,Small Business,Asia-Pacific,Electronics,Smart Watch,217.36,4,0.15,739.02,Apple Pay,5
ORD-2024-0090,2024-01-19,Corporate,North America,Electronics,Wireless Headphones,157.46,2,0.15,267.68,Credit Card,5
ORD-2024-0091,2024-02-21,Corporate,North America,Apparel,Tech Jacket,105.01,3,0.15,267.78,Bank Transfer,4
ORD-2024-0092,2024-03-15,Small Business,North America,Furniture,Desk Lamp LED,33.84,2,0.1,60.91,Apple Pay,4
ORD-2024-0093,2024-05-03,Corporate,North America,Apparel,Tech Jacket,109.56,1,0.05,104.08,Bank Transfer,5
ORD-2024-0094,2024-03-21,Small Business,Latin America,Electronics,USB-C Hub,44.1,5,0.2,176.4,Bank Transfer,4
ORD-2024-0095,2024-06-03,Small Business,Asia-Pacific,Furniture,Desk Lamp LED,34.58,4,0.0,138.32,Bank Transfer,5
ORD-2024-0096,2024-05-31,Small Business,North America,Electronics,USB-C Hub,45.84,1,0.05,43.55,Apple Pay,5
ORD-2024-0097,2024-05-26,Small Business,Europe,Furniture,Bookshelf 5-Tier,117.01,1,0.0,117.01,Credit Card,5
ORD-2024-0098,2024-01-21,Corporate,Asia-Pacific,Office Supplies,Document Scanner,183.0,1,0.0,183.0,Apple Pay,3
ORD-2024-0099,2024-03-08,Corporate,Latin America,Office Supplies,Stapler Heavy Duty,22.71,4,0.0,90.84,Bank Transfer,5
ORD-2024-0100,2024-08-27,Small Business,Latin America,Electronics,Wireless Headphones,152.64,3,0.0,457.92,Bank Transfer,3
ORD-2024-0101,2024-07-21,Small Business,Asia-Pacific,Electronics,Smart Watch,223.8,2,0.0,447.6,Apple Pay,5
ORD-2024-0102,2024-07-09,Small Business,Asia-Pacific,Electronics,Wireless Headphones,156.65,2,0.05,297.63,PayPal,5
ORD-2024-0103,2024-08-25,Consumer,Latin America,Office Supplies,Document Scanner,181.21,1,0.0,181.21,Credit Card,4
ORD-2024-0104,2024-10-02,Small Business,Latin America,Furniture,Desk Lamp LED,35.85,2,0.05,68.11,PayPal,5
ORD-2024-0105,2024-02-20,Corporate,Europe,Apparel,Waterproof Backpack,66.24,5,0.0,331.2,Apple Pay,5
ORD-2024-0106,2024-07-04,Corporate,Latin America,Electronics,Smart Watch,216.89,2,0.2,347.02,PayPal,5
ORD-2024-0107,2024-08-20,Consumer,Asia-Pacific,Electronics,Wireless Headphones,142.82,2,0.05,271.36,PayPal,5
ORD-2024-0108,2024-04-15,Consumer,Asia-Pacific,Electronics,4K Monitor,414.79,1,0.0,414.79,Credit Card,4
ORD-2024-0109,2024-03-15,Consumer,Europe,Furniture,Bookshelf 5-Tier,124.4,3,0.0,373.2,Bank Transfer,5
ORD-2024-0110,2024-05-01,Small Business,North America,Office Supplies,Premium Notebook 3-Pack,18.44,1,0.0,18.44,Credit Card,4
ORD-2024-0111,2024-07-04,Corporate,Asia-Pacific,Electronics,USB-C Hub,42.95,2,0.15,73.02,Credit Card,2
ORD-2024-0112,2024-09-02,Consumer,North America,Apparel,Waterproof Backpack,67.66,3,0.0,202.98,Bank Transfer,4
ORD-2024-0113,2024-02-03,Small Business,Latin America,Furniture,Bookshelf 5-Tier,122.55,2,0.05,232.84,Bank Transfer,4
ORD-2024-0114,2024-08-08,Corporate,Europe,Electronics,Laptop Pro 15,1232.28,4,0.05,4682.66,Apple Pay,5
ORD-2024-0115,2024-07-30,Small Business,Asia-Pacific,Office Supplies,Document Scanner,186.44,1,0.1,167.8,Bank Transfer,4
ORD-2024-0116,2024-03-19,Consumer,Asia-Pacific,Apparel,Cotton Hoodie,54.63,1,0.0,54.63,Credit Card,4
ORD-2024-0117,2024-10-14,Small Business,Latin America,Office Supplies,Premium Notebook 3-Pack,18.79,2,0.15,31.94,Credit Card,5
ORD-2024-0118,2024-06-08,Consumer,Europe,Office Supplies,Premium Notebook 3-Pack,18.28,2,0.0,36.56,Bank Transfer,5
ORD-2024-0119,2024-07-07,Small Business,North America,Electronics,Smart Watch,227.59,2,0.1,409.66,Bank Transfer,2
ORD-2024-0120,2024-05-19,Consumer,Latin America,Office Supplies,Stapler Heavy Duty,21.22,1,0.0,21.22,PayPal,5
ORD-2024-0121,2024-01-16,Corporate,Asia-Pacific,Electronics,4K Monitor,393.64,1,0.0,393.64,Bank Transfer,5
ORD-2024-0122,2024-10-17,Corporate,North America,Electronics,Laptop Pro 15,1145.97,1,0.1,1031.37,Apple Pay,5
ORD-2024-0123,2024-09-05,Consumer,Latin America,Apparel,Waterproof Backpack,62.49,1,0.1,56.24,Bank Transfer,5
ORD-2024-0124,2024-09-06,Corporate,Europe,Office Supplies,Premium Notebook 3-Pack,17.2,1,0.2,13.76,PayPal,5
ORD-2024-0125,2024-05-10,Corporate,Europe,Office Supplies,Stapler Heavy Duty,21.85,1,0.0,21.85,PayPal,4
ORD-2024-0126,2024-06-30,Corporate,North America,Electronics,USB-C Hub,42.83,4,0.0,171.32,Apple Pay,4
ORD-2024-0127,2024-08-01,Small Business,Latin America,Office Supplies,Premium Notebook 3-Pack,17.41,2,0.2,27.86,Bank Transfer,3
ORD-2024-0128,2024-02-24,Small Business,Asia-Pacific,Furniture,Desk Lamp LED,34.64,2,0.05,65.82,Bank Transfer,4
ORD-2024-0129,2024-03-27,Corporate,Asia-Pacific,Electronics,4K Monitor,387.76,2,0.05,736.74,PayPal,4
ORD-2024-0130,2024-03-15,Consumer,North America,Office Supplies,Gel Pen Set 12x,12.31,1,0.0,12.31,Apple Pay,4
ORD-2024-0131,2024-10-15,Corporate,North America,Apparel,Casual Sneakers,82.03,4,0.05,311.71,Apple Pay,5
ORD-2024-0132,2024-05-20,Corporate,North America,Electronics,Smart Watch,218.94,2,0.0,437.88,Bank Transfer,3
ORD-2024-0133,2024-02-16,Corporate,North America,Apparel,Waterproof Backpack,66.55,2,0.2,106.48,PayPal,4
ORD-2024-0134,2024-08-31,Small Business,North America,Furniture,Ergonomic Office Chair,289.45,2,0.1,521.01,PayPal,2
ORD-2024-0135,2024-08-12,Small Business,Asia-Pacific,Apparel,Tech Jacket,108.76,1,0.15,92.45,Credit Card,5
ORD-2024-0136,2024-06-20,Corporate,Europe,Electronics,Smart Watch,215.25,1,0.05,204.49,Credit Card,4
ORD-2024-0137,2024-03-13,Corporate,North America,Office Supplies,Stapler Heavy Duty,21.76,8,0.05,165.38,Apple Pay,5
ORD-2024-0138,2024-06-17,Corporate,Asia-Pacific,Furniture,Ergonomic Office Chair,276.13,2,0.0,552.26,PayPal,5
ORD-2024-0139,2024-06-23,Small Business,North America,Apparel,Tech Jacket,105.35,1,0.0,105.35,Credit Card,5
ORD-2024-0140,2024-03-08,Small Business,Europe,Apparel,Tech Jacket,112.98,1,0.1,101.68,Apple Pay,2
ORD-2024-0141,2024-07-05,Small Business,Europe,Furniture,Desk Lamp LED,35.99,2,0.1,64.78,PayPal,4
ORD-2024-0142,2024-08-28,Corporate,Asia-Pacific,Furniture,Bookshelf 5-Tier,119.29,3,0.05,339.98,Apple Pay,5
ORD-2024-0143,2024-04-12,Small Business,North America,Furniture,Bookshelf 5-Tier,118.45,1,0.0,118.45,Credit Card,4
ORD-2024-0144,2024-03-23,Corporate,Europe,Office Supplies,Document Scanner,188.81,5,0.0,944.05,Bank Transfer,5
ORD-2024-0145,2024-07-31,Consumer,Asia-Pacific,Electronics,USB-C Hub,47.23,2,0.0,94.46,Credit Card,4
ORD-2024-0146,2024-02-20,Small Business,Europe,Office Supplies,Gel Pen Set 12x,12.4,1,0.0,12.4,Apple Pay,4
ORD-2024-0147,2024-01-03,Consumer,Latin America,Electronics,Laptop Pro 15,1205.86,1,0.1,1085.27,Bank Transfer,4
ORD-2024-0148,2024-03-03,Corporate,North America,Electronics,Wireless Headphones,149.36,2,0.1,268.85,Credit Card,5
ORD-2024-0149,2024-10-21,Consumer,Latin America,Furniture,Standing Desk,443.38,1,0.0,443.38,Credit Card,4
ORD-2024-0150,2024-07-03,Corporate,North America,Electronics,4K Monitor,400.3,2,0.1,720.54,Apple Pay,2
ORD-2024-0151,2024-07-17,Small Business,Europe,Office Supplies,Stapler Heavy Duty,21.05,3,0.0,63.15,Credit Card,5
ORD-2024-0152,2024-06-19,Small Business,Latin America,Furniture,Ergonomic Office Chair,284.0,1,0.0,284.0,Apple Pay,5
ORD-2024-0153,2024-03-10,Corporate,North America,Electronics,USB-C Hub,46.31,1,0.0,46.31,Bank Transfer,4
ORD-2024-0154,2024-10-05,Small Business,North America,Apparel,Casual Sneakers,83.18,1,0.05,79.02,Bank Transfer,4
ORD-2024-0155,2024-07-07,Corporate,Europe,Apparel,Waterproof Backpack,64.26,3,0.15,163.86,Apple Pay,4
ORD-2024-0156,2024-09-22,Small Business,Europe,Office Supplies,Premium Notebook 3-Pack,18.18,3,0.0,54.54,Bank Transfer,4
ORD-2024-0157,2024-02-10,Corporate,Latin America,Office Supplies,Stapler Heavy Duty,21.84,1,0.05,20.75,Apple Pay,2
ORD-2024-0158,2024-06-29,Corporate,Latin America,Apparel,Casual Sneakers,81.24,2,0.1,146.23,PayPal,5
ORD-2024-0159,2024-03-14,Corporate,Asia-Pacific,Apparel,Cotton Hoodie,55.8,1,0.0,55.8,Credit Card,4
ORD-2024-0160,2024-08-18,Corporate,Asia-Pacific,Office Supplies,Stapler Heavy Duty,21.2,2,0.0,42.4,Bank Transfer,5
ORD-2024-0161,2024-05-07,Corporate,North America,Electronics,Laptop Pro 15,1186.44,3,0.0,3559.32,Bank Transfer,5
ORD-2024-0162,2024-04-19,Small Business,Europe,Office Supplies,Document Scanner,181.91,1,0.0,181.91,Apple Pay,5
ORD-2024-0163,2024-06-12,Small Business,Europe,Office Supplies,Premium Notebook 3-Pack,17.64,2,0.0,35.28,PayPal,5
ORD-2024-0164,2024-09-17,Consumer,Latin America,Furniture,Ergonomic Office Chair,272.63,10,0.1,2453.67,Bank Transfer,4
ORD-2024-0165,2024-07-07,Small Business,Latin America,Apparel,Tech Jacket,107.9,2,0.0,215.8,Apple Pay,5
ORD-2024-0166,2024-10-21,Consumer,Asia-Pacific,Electronics,Wireless Headphones,149.25,8,0.05,1134.3,PayPal,5
ORD-2024-0167,2024-03-07,Corporate,Europe,Apparel,Cotton Hoodie,53.92,4,0.05,204.9,PayPal,4
ORD-2024-0168,2024-09-22,Small Business,Europe,Office Supplies,Premium Notebook 3-Pack,18.09,1,0.05,17.19,Bank Transfer,4
ORD-2024-0169,2024-02-17,Small Business,Asia-Pacific,Furniture,Standing Desk,468.09,1,0.05,444.69,Credit Card,5
ORD-2024-0170,2024-01-15,Small Business,Europe,Electronics,Laptop Pro 15,1171.76,5,0.1,5272.92,Apple Pay,4
ORD-2024-0171,2024-01-16,Corporate,Latin America,Apparel,Casual Sneakers,82.83,2,0.0,165.66,Apple Pay,3
ORD-2024-0172,2024-01-31,Corporate,Europe,Furniture,Desk Lamp LED,34.44,2,0.0,68.88,Bank Transfer,5
ORD-2024-0173,2024-06-25,Corporate,Europe,Apparel,Tech Jacket,105.67,3,0.05,301.16,Credit Card,4
ORD-2024-0174,2024-05-06,Consumer,Latin America,Furniture,Ergonomic Office Chair,290.2,1,0.15,246.67,PayPal,5
ORD-2024-0175,2024-10-22,Corporate,Latin America,Office Supplies,Gel Pen Set 12x,12.02,3,0.0,36.06,Apple Pay,2
ORD-2024-0176,2024-07-20,Small Business,Latin America,Apparel,Tech Jacket,105.06,1,0.0,105.06,Apple Pay,4
ORD-2024-0177,2024-01-05,Corporate,Latin America,Electronics,USB-C Hub,44.4,1,0.0,44.4,Credit Card,4
ORD-2024-0178,2024-10-18,Small Business,Asia-Pacific,Furniture,Bookshelf 5-Tier,120.05,2,0.0,240.1,Credit Card,3
ORD-2024-0179,2024-02-19,Consumer,Europe,Apparel,Casual Sneakers,88.73,3,0.0,266.19,Apple Pay,4
ORD-2024-0180,2024-01-24,Small Business,Europe,Electronics,Wireless Headphones,150.29,3,0.1,405.78,PayPal,4
ORD-2024-0181,2024-06-12,Small Business,Asia-Pacific,Furniture,Desk Lamp LED,34.3,10,0.1,308.7,Apple Pay,5
ORD-2024-0182,2024-06-02,Small Business,Asia-Pacific,Apparel,Cotton Hoodie,57.64,1,0.05,54.76,Credit Card,4
ORD-2024-0183,2024-05-15,Consumer,Latin America,Furniture,Ergonomic Office Chair,283.61,2,0.0,567.22,PayPal,2
ORD-2024-0184,2024-02-26,Corporate,Europe,Furniture,Ergonomic Office Chair,277.56,2,0.0,555.12,Apple Pay,5
ORD-2024-0185,2024-02-01,Corporate,Latin America,Furniture,Standing Desk,449.03,2,0.2,718.45,PayPal,4
ORD-2024-0186,2024-09-29,Small Business,Asia-Pacific,Office Supplies,Stapler Heavy Duty,22.4,3,0.15,57.12,Apple Pay,3
ORD-2024-0187,2024-05-06,Small Business,Asia-Pacific,Office Supplies,Stapler Heavy Duty,21.55,1,0.2,17.24,PayPal,5
ORD-2024-0188,2024-09-07,Corporate,Asia-Pacific,Office Supplies,Document Scanner,195.61,1,0.15,166.27,Credit Card,4
ORD-2024-0189,2024-10-05,Consumer,Asia-Pacific,Apparel,Waterproof Backpack,66.98,4,0.2,214.34,Bank Transfer,5
ORD-2024-0190,2024-02-10,Small Business,Asia-Pacific,Office Supplies,Document Scanner,184.57,3,0.1,498.34,Bank Transfer,3
ORD-2024-0191,2024-10-27,Consumer,Europe,Furniture,Standing Desk,437.66,1,0.15,372.01,Credit Card,4
ORD-2024-0192,2024-08-29,Small Business,Latin America,Electronics,Wireless Headphones,156.44,1,0.05,148.62,Apple Pay,4
ORD-2024-0193,2024-04-12,Small Business,Europe,Office Supplies,Stapler Heavy Duty,22.59,1,0.0,22.59,Credit Card,5
ORD-2024-0194,2024-03-30,Consumer,Latin America,Apparel,Tech Jacket,113.7,5,0.0,568.5,Bank Transfer,5
ORD-2024-0195,2024-01-05,Consumer,Latin America,Office Supplies,Premium Notebook 3-Pack,17.92,5,0.0,89.6,Apple Pay,4
ORD-2024-0196,2024-02-27,Small Business,North America,Office Supplies,Gel Pen Set 12x,12.26,3,0.05,34.94,Bank Transfer,5
ORD-2024-0197,2024-10-17,Small Business,Latin America,Furniture,Standing Desk,445.75,2,0.05,846.92,Bank Transfer,3
ORD-2024-0198,2024-02-18,Consumer,Latin America,Furniture,Standing Desk,427.81,2,0.15,727.28,Apple Pay,5
ORD-2024-0199,2024-06-17,Corporate,North America,Office Supplies,Premium Notebook 3-Pack,17.53,1,0.0,17.53,Bank Transfer,3
ORD-2024-0200,2024-09-14,Consumer,Europe,Office Supplies,Premium Notebook 3-Pack,17.76,2,0.15,30.19,PayPal,4
ORD-2024-0201,2024-08-20,Consumer,Europe,Office Supplies,Document Scanner,194.89,3,0.15,496.97,Credit Card,4
ORD-2024-0202,2024-09-27,Small Business,Europe,Office Supplies,Premium Notebook 3-Pack,18.59,5,0.0,92.95,PayPal,3
ORD-2024-0203,2024-09-23,Consumer,Latin America,Apparel,Cotton Hoodie,54.94,3,0.1,148.34,Apple Pay,3
ORD-2024-0204,2024-07-31,Corporate,North America,Apparel,Cotton Hoodie,53.94,2,0.05,102.49,Bank Transfer,5
ORD-2024-0205,2024-04-21,Consumer,North America,Electronics,Laptop Pro 15,1204.94,2,0.1,2168.89,Apple Pay,2
ORD-2024-0206,2024-07-28,Corporate,Latin America,Furniture,Standing Desk,456.56,3,0.2,1095.74,Apple Pay,4
ORD-2024-0207,2024-07-12,Consumer,Asia-Pacific,Apparel,Cotton Hoodie,55.22,3,0.05,157.38,PayPal,5
ORD-2024-0208,2024-07-20,Small Business,Latin America,Furniture,Standing Desk,471.53,4,0.1,1697.51,Apple Pay,4
ORD-2024-0209,2024-04-27,Consumer,North America,Furniture,Desk Lamp LED,36.53,1,0.0,36.53,Apple Pay,4
ORD-2024-0210,2024-01-09,Consumer,North America,Furniture,Standing Desk,447.59,1,0.05,425.21,Credit Card,4
ORD-2024-0211,2024-04-29,Small Business,Asia-Pacific,Furniture,Ergonomic Office Chair,272.56,1,0.2,218.05,Bank Transfer,4
ORD-2024-0212,2024-03-14,Small Business,Europe,Furniture,Desk Lamp LED,36.57,1,0.0,36.57,Apple Pay,4
ORD-2024-0213,2024-01-25,Corporate,Europe,Office Supplies,Document Scanner,188.41,3,0.0,565.23,Apple Pay,3
ORD-2024-0214,2024-10-02,Consumer,Latin America,Apparel,Tech Jacket,112.28,4,0.0,449.12,Apple Pay,5
ORD-2024-0215,2024-10-12,Corporate,Latin America,Furniture,Desk Lamp LED,35.51,1,0.0,35.51,Credit Card,4
ORD-2024-0216,2024-04-07,Consumer,North America,Electronics,Smart Watch,209.87,1,0.05,199.38,PayPal,4
ORD-2024-0217,2024-06-19,Consumer,Latin America,Office Supplies,Premium Notebook 3-Pack,18.43,1,0.0,18.43,PayPal,4
ORD-2024-0218,2024-05-02,Corporate,Asia-Pacific,Office Supplies,Stapler Heavy Duty,21.69,1,0.05,20.61,Apple Pay,4
ORD-2024-0219,2024-08-28,Small Business,Europe,Office Supplies,Gel Pen Set 12x,12.08,1,0.0,12.08,PayPal,1
ORD-2024-0220,2024-10-10,Corporate,Europe,Apparel,Casual Sneakers,83.98,1,0.0,83.98,Bank Transfer,4
ORD-2024-0221,2024-09-07,Consumer,Latin America,Apparel,Waterproof Backpack,62.85,1,0.1,56.57,Credit Card,4
ORD-2024-0222,2024-02-08,Consumer,Europe,Electronics,Laptop Pro 15,1167.77,2,0.1,2101.99,PayPal,4
ORD-2024-0223,2024-07-10,Consumer,Latin America,Electronics,4K Monitor,416.51,2,0.15,708.07,Credit Card,4
ORD-2024-0224,2024-07-29,Small Business,North America,Electronics,Laptop Pro 15,1257.3,2,0.0,2514.6,Apple Pay,5
ORD-2024-0225,2024-04-01,Corporate,Asia-Pacific,Electronics,Laptop Pro 15,1214.37,2,0.0,2428.74,Bank Transfer,5
ORD-2024-0226,2024-02-10,Small Business,Asia-Pacific,Office Supplies,Document Scanner,193.75,2,0.0,387.5,Credit Card,5
ORD-2024-0227,2024-01-17,Small Business,North America,Electronics,USB-C Hub,43.0,1,0.05,40.85,PayPal,3
ORD-2024-0228,2024-08-10,Corporate,Latin America,Office Supplies,Premium Notebook 3-Pack,17.51,4,0.15,59.53,Credit Card,5
ORD-2024-0229,2024-05-23,Small Business,Europe,Electronics,Wireless Headphones,156.92,5,0.0,784.6,Apple Pay,5
ORD-2024-0230,2024-06-02,Corporate,Asia-Pacific,Furniture,Standing Desk,457.97,2,0.1,824.35,PayPal,5
ORD-2024-0231,2024-02-10,Corporate,Latin America,Office Supplies,Premium Notebook 3-Pack,17.24,1,0.0,17.24,Credit Card,5
ORD-2024-0232,2024-08-18,Consumer,Latin America,Apparel,Tech Jacket,109.25,1,0.15,92.86,Bank Transfer,5
ORD-2024-0233,2024-02-07,Corporate,Latin America,Electronics,Smart Watch,222.95,1,0.1,200.66,Bank Transfer,3
ORD-2024-0234,2024-01-03,Corporate,Europe,Office Supplies,Document Scanner,183.02,1,0.0,183.02,Apple Pay,4
ORD-2024-0235,2024-09-19,Corporate,Asia-Pacific,Apparel,Cotton Hoodie,52.76,1,0.0,52.76,Credit Card,4
ORD-2024-0236,2024-07-17,Small Business,Europe,Electronics,4K Monitor,402.88,5,0.2,1611.52,Apple Pay,3
ORD-2024-0237,2024-05-17,Corporate,Latin America,Office Supplies,Stapler Heavy Duty,21.86,2,0.0,43.72,Apple Pay,5
ORD-2024-0238,2024-07-03,Consumer,Latin America,Office Supplies,Gel Pen Set 12x,12.14,3,0.0,36.42,PayPal,4
ORD-2024-0239,2024-07-21,Corporate,Europe,Office Supplies,Document Scanner,186.86,4,0.0,747.44,Bank Transfer,4
ORD-2024-0240,2024-04-12,Small Business,Latin America,Apparel,Casual Sneakers,83.46,1,0.0,83.46,PayPal,4
ORD-2024-0241,2024-05-23,Small Business,Europe,Apparel,Casual Sneakers,85.78,1,0.05,81.49,Credit Card,5
ORD-2024-0242,2024-08-24,Small Business,Latin America,Furniture,Desk Lamp LED,33.49,3,0.1,90.42,Apple Pay,3
ORD-2024-0243,2024-06-04,Corporate,North America,Furniture,Bookshelf 5-Tier,123.47,3,0.1,333.37,Apple Pay,4
ORD-2024-0244,2024-09-30,Consumer,North America,Apparel,Cotton Hoodie,57.18,3,0.0,171.54,PayPal,5
ORD-2024-0245,2024-06-30,Corporate,Asia-Pacific,Furniture,Ergonomic Office Chair,284.11,2,0.05,539.81,Credit Card,1
ORD-2024-0246,2024-05-12,Corporate,Europe,Furniture,Standing Desk,462.26,2,0.0,924.52,Credit Card,4
ORD-2024-0247,2024-05-31,Corporate,Asia-Pacific,Apparel,Cotton Hoodie,53.03,1,0.15,45.08,Apple Pay,5
ORD-2024-0248,2024-09-23,Consumer,Asia-Pacific,Apparel,Casual Sneakers,86.67,2,0.0,173.34,Bank Transfer,2
ORD-2024-0249,2024-02-28,Small Business,Europe,Electronics,Smart Watch,212.62,2,0.05,403.98,PayPal,4
ORD-2024-0250,2024-06-18,Corporate,Latin America,Apparel,Waterproof Backpack,62.95,1,0.0,62.95,Credit Card,5
ORD-2024-0251,2024-04-11,Small Business,North America,Apparel,Waterproof Backpack,63.09,1,0.1,56.78,Credit Card,5
ORD-2024-0252,2024-10-01,Small Business,Latin America,Furniture,Bookshelf 5-Tier,117.15,1,0.0,117.15,Bank Transfer,4
ORD-2024-0253,2024-07-19,Small Business,Asia-Pacific,Electronics,Smart Watch,212.8,1,0.0,212.8,Credit Card,5
ORD-2024-0254,2024-06-09,Corporate,Latin America,Electronics,Wireless Headphones,152.9,1,0.0,152.9,PayPal,4
ORD-2024-0255,2024-08-04,Small Business,Europe,Furniture,Desk Lamp LED,35.51,2,0.05,67.47,PayPal,4
ORD-2024-0256,2024-03-12,Corporate,North America,Furniture,Bookshelf 5-Tier,124.39,4,0.05,472.68,PayPal,3
ORD-2024-0257,2024-07-15,Consumer,Latin America,Apparel,Waterproof Backpack,67.21,3,0.0,201.63,Credit Card,4
ORD-2024-0258,2024-04-22,Small Business,Latin America,Office Supplies,Premium Notebook 3-Pack,17.4,1,0.05,16.53,Apple Pay,4
ORD-2024-0259,2024-02-27,Small Business,North America,Electronics,Smart Watch,217.07,3,0.1,586.09,Apple Pay,4
ORD-2024-0260,2024-08-05,Consumer,Asia-Pacific,Electronics,Wireless Headphones,149.25,1,0.2,119.4,Apple Pay,5
ORD-2024-0261,2024-03-01,Consumer,Latin America,Furniture,Standing Desk,443.28,4,0.05,1684.46,PayPal,5
ORD-2024-0262,2024-04-15,Small Business,Asia-Pacific,Electronics,4K Monitor,401.55,1,0.0,401.55,Bank Transfer,4
ORD-2024-0263,2024-05-16,Small Business,Asia-Pacific,Electronics,Wireless Headphones,156.28,8,0.1,1125.22,PayPal,5
ORD-2024-0264,2024-03-08,Corporate,Latin America,Furniture,Standing Desk,461.77,3,0.1,1246.78,PayPal,4
ORD-2024-0265,2024-05-17,Corporate,North America,Apparel,Waterproof Backpack,67.47,2,0.05,128.19,Bank Transfer,5
ORD-2024-0266,2024-07-07,Small Business,North America,Apparel,Waterproof Backpack,66.78,1,0.0,66.78,Apple Pay,5
ORD-2024-0267,2024-07-02,Corporate,Latin America,Electronics,4K Monitor,412.99,1,0.2,330.39,Bank Transfer,5
ORD-2024-0268,2024-06-21,Consumer,North America,Furniture,Desk Lamp LED,35.92,3,0.15,91.6,Apple Pay,1
ORD-2024-0269,2024-03-21,Small Business,Europe,Apparel,Waterproof Backpack,63.07,1,0.2,50.46,Bank Transfer,3
ORD-2024-0270,2024-05-20,Consumer,Europe,Electronics,Smart Watch,228.88,1,0.0,228.88,Apple Pay,5
ORD-2024-0271,2024-04-29,Small Business,Europe,Apparel,Cotton Hoodie,54.87,3,0.0,164.61,PayPal,4
ORD-2024-0272,2024-08-15,Small Business,Latin America,Electronics,Laptop Pro 15,1258.58,3,0.1,3398.17,PayPal,4
ORD-2024-0273,2024-04-27,Consumer,Asia-Pacific,Apparel,Cotton Hoodie,53.97,3,0.0,161.91,Apple Pay,5
ORD-2024-0274,2024-03-09,Corporate,Latin America,Furniture,Ergonomic Office Chair,284.2,2,0.0,568.4,PayPal,5
ORD-2024-0275,2024-03-18,Small Business,North America,Apparel,Waterproof Backpack,62.4,4,0.0,249.6,Apple Pay,4
ORD-2024-0276,2024-08-07,Small Business,Asia-Pacific,Office Supplies,Gel Pen Set 12x,11.7,1,0.05,11.11,Credit Card,5
ORD-2024-0277,2024-06-03,Corporate,Europe,Furniture,Standing Desk,429.96,3,0.0,1289.88,Apple Pay,3
ORD-2024-0278,2024-09-12,Consumer,Asia-Pacific,Electronics,4K Monitor,394.44,4,0.0,1577.76,Apple Pay,5
ORD-2024-0279,2024-10-18,Consumer,North America,Apparel,Casual Sneakers,84.75,2,0.0,169.5,Credit Card,1
ORD-2024-0280,2024-04-20,Corporate,Latin America,Electronics,Laptop Pro 15,1174.38,5,0.0,5871.9,Apple Pay,3
ORD-2024-0281,2024-10-01,Small Business,Europe,Furniture,Bookshelf 5-Tier,125.05,1,0.0,125.05,Bank Transfer,4
ORD-2024-0282,2024-02-03,Corporate,North America,Office Supplies,Document Scanner,181.6,3,0.1,490.32,Credit Card,4
ORD-2024-0283,2024-01-29,Corporate,Europe,Office Supplies,Gel Pen Set 12x,12.24,1,0.1,11.02,Bank Transfer,4
ORD-2024-0284,2024-05-12,Consumer,North America,Furniture,Bookshelf 5-Tier,117.23,1,0.1,105.51,Bank Transfer,5
ORD-2024-0285,2024-05-19,Small Business,Latin America,Electronics,Smart Watch,210.7,3,0.05,600.49,Bank Transfer,2
ORD-2024-0286,2024-10-17,Consumer,North America,Furniture,Bookshelf 5-Tier,124.73,1,0.1,112.26,Credit Card,2
ORD-2024-0287,2024-01-07,Small Business,North America,Furniture,Ergonomic Office Chair,270.2,2,0.0,540.4,Apple Pay,4
ORD-2024-0288,2024-05-07,Consumer,North America,Apparel,Casual Sneakers,83.92,1,0.0,83.92,PayPal,5
ORD-2024-0289,2024-01-24,Corporate,Asia-Pacific,Apparel,Cotton Hoodie,56.5,4,0.15,192.1,Credit Card,4
ORD-2024-0290,2024-01-05,Corporate,Europe,Office Supplies,Gel Pen Set 12x,12.29,1,0.1,11.06,Bank Transfer,4
ORD-2024-0291,2024-09-09,Small Business,Asia-Pacific,Furniture,Standing Desk,428.58,1,0.15,364.29,Credit Card,5
ORD-2024-0292,2024-01-01,Consumer,Latin America,Apparel,Casual Sneakers,82.77,1,0.05,78.63,PayPal,5
ORD-2024-0293,2024-02-17,Corporate,Asia-Pacific,Electronics,Wireless Headphones,153.01,4,0.05,581.44,Credit Card,4
ORD-2024-0294,2024-09-15,Consumer,Europe,Furniture,Desk Lamp LED,34.77,1,0.05,33.03,Bank Transfer,4
ORD-2024-0295,2024-06-10,Consumer,Europe,Apparel,Casual Sneakers,81.38,1,0.0,81.38,Credit Card,3
ORD-2024-0296,2024-03-25,Corporate,Europe,Apparel,Waterproof Backpack,64.08,1,0.0,64.08,Bank Transfer,4
ORD-2024-0297,2024-03-02,Consumer,North America,Electronics,Wireless Headphones,153.07,4,0.0,612.28,Bank Transfer,3
ORD-2024-0298,2024-05-07,Consumer,Europe,Office Supplies,Document Scanner,185.44,2,0.05,352.34,Apple Pay,5
ORD-2024-0299,2024-10-11,Consumer,North America,Furniture,Ergonomic Office Chair,269.91,2,0.1,485.84,PayPal,3
ORD-2024-0300,2024-07-24,Consumer,North America,Office Supplies,Premium Notebook 3-Pack,18.56,2,0.0,37.12,PayPal,5
ORD-2024-0301,2024-08-15,Corporate,North America,Furniture,Ergonomic Office Chair,275.28,5,0.1,1238.76,Credit Card,3
ORD-2024-0302,2024-10-20,Consumer,Asia-Pacific,Apparel,Waterproof Backpack,64.52,2,0.0,129.04,PayPal,4
ORD-2024-0303,2024-08-16,Corporate,Latin America,Furniture,Ergonomic Office Chair,284.12,2,0.05,539.83,Apple Pay,2
ORD-2024-0304,2024-05-23,Small Business,Europe,Apparel,Tech Jacket,113.27,2,0.05,215.21,Credit Card,5
ORD-2024-0305,2024-07-02,Consumer,Asia-Pacific,Apparel,Waterproof Backpack,63.84,1,0.05,60.65,Credit Card,4
ORD-2024-0306,2024-04-22,Consumer,Europe,Electronics,Smart Watch,220.65,1,0.2,176.52,Credit Card,4
ORD-2024-0307,2024-05-03,Corporate,Latin America,Office Supplies,Premium Notebook 3-Pack,18.14,3,0.15,46.26,PayPal,3
ORD-2024-0308,2024-06-11,Small Business,Europe,Office Supplies,Premium Notebook 3-Pack,18.12,3,0.0,54.36,PayPal,5
ORD-2024-0309,2024-09-09,Consumer,Europe,Office Supplies,Gel Pen Set 12x,11.68,2,0.0,23.36,Apple Pay,1
ORD-2024-0310,2024-04-13,Consumer,Asia-Pacific,Furniture,Bookshelf 5-Tier,124.13,3,0.15,316.53,Credit Card,3
ORD-2024-0311,2024-03-13,Small Business,Latin America,Electronics,4K Monitor,394.94,4,0.2,1263.81,Credit Card,4
ORD-2024-0312,2024-06-14,Small Business,Latin America,Furniture,Standing Desk,456.27,3,0.0,1368.81,Bank Transfer,3
ORD-2024-0313,2024-10-14,Consumer,Asia-Pacific,Office Supplies,Gel Pen Set 12x,11.85,3,0.1,31.99,PayPal,5
ORD-2024-0314,2024-10-20,Small Business,Europe,Apparel,Cotton Hoodie,56.7,1,0.0,56.7,Credit Card,5
ORD-2024-0315,2024-03-13,Small Business,North America,Office Supplies,Premium Notebook 3-Pack,17.4,1,0.2,13.92,Bank Transfer,4
ORD-2024-0316,2024-05-15,Consumer,North America,Furniture,Standing Desk,462.92,3,0.0,1388.76,Apple Pay,4
ORD-2024-0317,2024-08-02,Corporate,North America,Furniture,Desk Lamp LED,35.16,2,0.0,70.32,PayPal,3
ORD-2024-0318,2024-02-07,Consumer,Asia-Pacific,Electronics,Smart Watch,211.3,1,0.0,211.3,Apple Pay,3
ORD-2024-0319,2024-02-08,Corporate,North America,Electronics,Smart Watch,219.62,2,0.05,417.28,PayPal,4
ORD-2024-0320,2024-08-10,Small Business,Asia-Pacific,Furniture,Ergonomic Office Chair,271.32,1,0.0,271.32,Bank Transfer,4
ORD-2024-0321,2024-02-19,Consumer,Asia-Pacific,Electronics,USB-C Hub,43.44,2,0.1,78.19,Apple Pay,3
ORD-2024-0322,2024-09-02,Corporate,North America,Furniture,Ergonomic Office Chair,274.17,1,0.0,274.17,Credit Card,4
ORD-2024-0323,2024-07-22,Consumer,Latin America,Apparel,Waterproof Backpack,65.92,4,0.0,263.68,Bank Transfer,5
ORD-2024-0324,2024-07-08,Small Business,Asia-Pacific,Furniture,Desk Lamp LED,34.17,1,0.0,34.17,Credit Card,3
ORD-2024-0325,2024-02-19,Small Business,Europe,Electronics,Smart Watch,225.64,4,0.0,902.56,Credit Card,5
ORD-2024-0326,2024-09-24,Small Business,Latin America,Apparel,Waterproof Backpack,63.69,2,0.0,127.38,Credit Card,4
ORD-2024-0327,2024-09-21,Consumer,Europe,Furniture,Ergonomic Office Chair,292.57,5,0.0,1462.85,PayPal,3
ORD-2024-0328,2024-08-04,Corporate,Asia-Pacific,Electronics,USB-C Hub,43.42,1,0.1,39.08,Credit Card,3
ORD-2024-0329,2024-10-11,Small Business,North America,Apparel,Casual Sneakers,88.55,4,0.05,336.49,Apple Pay,3
ORD-2024-0330,2024-03-17,Small Business,Asia-Pacific,Furniture,Ergonomic Office Chair,268.83,5,0.05,1276.94,Bank Transfer,5
ORD-2024-0331,2024-05-15,Consumer,Latin America,Apparel,Waterproof Backpack,62.87,2,0.0,125.74,Apple Pay,2
ORD-2024-0332,2024-06-18,Corporate,North America,Furniture,Ergonomic Office Chair,291.12,3,0.15,742.36,Bank Transfer,4
ORD-2024-0333,2024-09-08,Corporate,Asia-Pacific,Electronics,Wireless Headphones,149.15,1,0.2,119.32,Apple Pay,4
ORD-2024-0334,2024-02-15,Consumer,Asia-Pacific,Furniture,Desk Lamp LED,35.84,1,0.1,32.26,PayPal,2
ORD-2024-0335,2024-09-16,Consumer,Europe,Apparel,Tech Jacket,110.76,3,0.05,315.67,PayPal,5
ORD-2024-0336,2024-05-07,Corporate,Asia-Pacific,Electronics,USB-C Hub,43.65,1,0.0,43.65,Apple Pay,5
ORD-2024-0337,2024-03-04,Small Business,Latin America,Electronics,Wireless Headphones,145.16,1,0.05,137.9,Bank Transfer,4
ORD-2024-0338,2024-05-12,Consumer,Europe,Electronics,Smart Watch,227.78,1,0.0,227.78,PayPal,5
ORD-2024-0339,2024-05-17,Consumer,Latin America,Apparel,Cotton Hoodie,56.0,4,0.2,179.2,PayPal,4
ORD-2024-0340,2024-01-05,Corporate,Asia-Pacific,Furniture,Bookshelf 5-Tier,122.55,2,0.15,208.33,Apple Pay,5
ORD-2024-0341,2024-08-23,Small Business,Latin America,Office Supplies,Gel Pen Set 12x,12.39,2,0.05,23.54,Credit Card,1
ORD-2024-0342,2024-07-10,Small Business,Asia-Pacific,Office Supplies,Stapler Heavy Duty,21.64,3,0.0,64.92,Bank Transfer,5
ORD-2024-0343,2024-05-13,Small Business,Latin America,Office Supplies,Gel Pen Set 12x,12.48,1,0.1,11.23,Bank Transfer,5
ORD-2024-0344,2024-01-14,Small Business,North America,Apparel,Casual Sneakers,84.05,1,0.0,84.05,PayPal,4
ORD-2024-0345,2024-04-23,Corporate,Europe,Apparel,Casual Sneakers,87.9,2,0.1,158.22,Credit Card,4
ORD-2024-0346,2024-05-12,Corporate,Asia-Pacific,Furniture,Bookshelf 5-Tier,116.68,3,0.0,350.04,Bank Transfer,4
ORD-2024-0347,2024-10-26,Corporate,North America,Office Supplies,Document Scanner,196.96,4,0.0,787.84,PayPal,4
ORD-2024-0348,2024-07-14,Corporate,Europe,Office Supplies,Document Scanner,183.11,1,0.15,155.64,Apple Pay,5
ORD-2024-0349,2024-08-22,Small Business,Asia-Pacific,Furniture,Bookshelf 5-Tier,114.97,4,0.0,459.88,PayPal,4
ORD-2024-0350,2024-01-30,Corporate,Europe,Electronics,USB-C Hub,43.51,1,0.1,39.16,Credit Card,3
ORD-2024-0351,2024-08-10,Small Business,Europe,Apparel,Waterproof Backpack,61.78,2,0.0,123.56,Bank Transfer,5
ORD-2024-0352,2024-06-13,Corporate,Asia-Pacific,Furniture,Ergonomic Office Chair,272.97,3,0.05,777.96,PayPal,3
ORD-2024-0353,2024-09-14,Small Business,Latin America,Office Supplies,Gel Pen Set 12x,12.54,1,0.0,12.54,Bank Transfer,4
ORD-2024-0354,2024-03-09,Consumer,Latin America,Office Supplies,Document Scanner,198.51,1,0.0,198.51,PayPal,4
ORD-2024-0355,2024-03-08,Corporate,North America,Furniture,Ergonomic Office Chair,276.26,2,0.0,552.52,Bank Transfer,5
ORD-2024-0356,2024-01-25,Corporate,Latin America,Electronics,Laptop Pro 15,1222.77,3,0.0,3668.31,Apple Pay,3
ORD-2024-0357,2024-05-09,Small Business,Latin America,Apparel,Tech Jacket,104.6,1,0.05,99.37,Credit Card,5
ORD-2024-0358,2024-05-18,Corporate,North America,Furniture,Desk Lamp LED,35.77,4,0.0,143.08,Credit Card,5
ORD-2024-0359,2024-09-11,Small Business,Asia-Pacific,Furniture,Standing Desk,471.29,3,0.1,1272.48,Apple Pay,4
ORD-2024-0360,2024-01-21,Small Business,North America,Apparel,Tech Jacket,107.08,3,0.0,321.24,Credit Card,5
ORD-2024-0361,2024-10-20,Corporate,North America,Apparel,Tech Jacket,105.33,5,0.1,473.99,PayPal,4
ORD-2024-0362,2024-05-31,Corporate,Asia-Pacific,Office Supplies,Document Scanner,197.11,1,0.1,177.4,Bank Transfer,4
ORD-2024-0363,2024-02-29,Corporate,Asia-Pacific,Electronics,Laptop Pro 15,1217.66,1,0.0,1217.66,Apple Pay,5
ORD-2024-0364,2024-05-17,Corporate,Latin America,Electronics,Smart Watch,217.82,4,0.0,871.28,Apple Pay,5
ORD-2024-0365,2024-09-01,Consumer,Europe,Apparel,Tech Jacket,105.15,1,0.05,99.89,Apple Pay,5
ORD-2024-0366,2024-09-04,Corporate,Europe,Apparel,Tech Jacket,111.22,2,0.1,200.2,Apple Pay,3
ORD-2024-0367,2024-07-29,Small Business,Europe,Apparel,Cotton Hoodie,52.32,1,0.05,49.7,Bank Transfer,4
ORD-2024-0368,2024-02-18,Small Business,Europe,Apparel,Tech Jacket,111.56,2,0.05,211.96,Credit Card,1
ORD-2024-0369,2024-03-21,Corporate,Europe,Apparel,Waterproof Backpack,64.95,4,0.0,259.8,Bank Transfer,2
ORD-2024-0370,2024-04-24,Consumer,Latin America,Apparel,Waterproof Backpack,64.64,4,0.0,258.56,Apple Pay,4
ORD-2024-0371,2024-03-01,Consumer,North America,Apparel,Cotton Hoodie,55.31,1,0.0,55.31,Bank Transfer,5
ORD-2024-0372,2024-10-14,Corporate,Europe,Furniture,Desk Lamp LED,33.44,8,0.0,267.52,Bank Transfer,4
ORD-2024-0373,2024-08-30,Corporate,Asia-Pacific,Office Supplies,Document Scanner,184.71,1,0.1,166.24,Bank Transfer,4
ORD-2024-0374,2024-07-10,Consumer,Latin America,Electronics,Laptop Pro 15,1238.62,4,0.0,4954.48,Bank Transfer,4
ORD-2024-0375,2024-04-06,Consumer,Asia-Pacific,Electronics,USB-C Hub,43.61,1,0.1,39.25,Apple Pay,2
ORD-2024-0376,2024-03-04,Consumer,Latin America,Apparel,Waterproof Backpack,62.63,3,0.2,150.31,Credit Card,4
ORD-2024-0377,2024-08-09,Corporate,North America,Apparel,Tech Jacket,113.47,3,0.0,340.41,Bank Transfer,4
ORD-2024-0378,2024-07-15,Consumer,Latin America,Apparel,Tech Jacket,115.18,1,0.2,92.14,PayPal,4
ORD-2024-0379,2024-09-19,Consumer,Europe,Office Supplies,Stapler Heavy Duty,22.29,3,0.15,56.84,Bank Transfer,5
ORD-2024-0380,2024-03-08,Small Business,Latin America,Furniture,Bookshelf 5-Tier,120.75,3,0.1,326.03,Bank Transfer,5
ORD-2024-0381,2024-08-04,Consumer,North America,Electronics,4K Monitor,382.12,1,0.0,382.12,Bank Transfer,5
ORD-2024-0382,2024-03-23,Small Business,Europe,Office Supplies,Stapler Heavy Duty,22.63,1,0.0,22.63,Credit Card,4
ORD-2024-0383,2024-08-19,Consumer,Latin America,Electronics,4K Monitor,414.59,4,0.1,1492.52,Bank Transfer,5
ORD-2024-0384,2024-01-25,Consumer,North America,Apparel,Waterproof Backpack,66.2,2,0.1,119.16,Bank Transfer,3
ORD-2024-0385,2024-08-14,Corporate,Europe,Furniture,Bookshelf 5-Tier,121.24,3,0.05,345.53,Apple Pay,3
ORD-2024-0386,2024-02-08,Small Business,Asia-Pacific,Furniture,Standing Desk,429.33,3,0.0,1287.99,Bank Transfer,3
ORD-2024-0387,2024-10-26,Corporate,Europe,Office Supplies,Premium Notebook 3-Pack,17.38,1,0.1,15.64,Credit Card,5
ORD-2024-0388,2024-06-03,Small Business,Europe,Apparel,Casual Sneakers,85.22,1,0.1,76.7,Credit Card,5
ORD-2024-0389,2024-03-22,Corporate,Asia-Pacific,Apparel,Waterproof Backpack,63.14,1,0.0,63.14,Bank Transfer,4
ORD-2024-0390,2024-09-28,Consumer,Europe,Apparel,Cotton Hoodie,53.57,1,0.0,53.57,Bank Transfer,4
ORD-2024-0391,2024-02-28,Small Business,Asia-Pacific,Apparel,Casual Sneakers,88.5,2,0.0,177.0,Apple Pay,4
ORD-2024-0392,2024-05-31,Small Business,North America,Furniture,Bookshelf 5-Tier,116.01,2,0.15,197.22,Credit Card,3
ORD-2024-0393,2024-04-19,Small Business,Latin America,Apparel,Cotton Hoodie,57.08,1,0.1,51.37,Credit Card,5
ORD-2024-0394,2024-03-19,Corporate,Europe,Electronics,USB-C Hub,43.08,3,0.0,129.24,Credit Card,4
ORD-2024-0395,2024-04-26,Corporate,North America,Office Supplies,Document Scanner,188.73,1,0.05,179.29,Credit Card,4
ORD-2024-0396,2024-02-02,Small Business,Asia-Pacific,Electronics,Laptop Pro 15,1174.78,1,0.05,1116.04,Credit Card,4
ORD-2024-0397,2024-08-12,Consumer,Europe,Apparel,Waterproof Backpack,62.77,4,0.0,251.08,Apple Pay,5
ORD-2024-0398,2024-10-06,Consumer,Asia-Pacific,Office Supplies,Gel Pen Set 12x,12.56,1,0.15,10.68,PayPal,3
ORD-2024-0399,2024-01-03,Consumer,Asia-Pacific,Apparel,Cotton Hoodie,57.22,1,0.1,51.5,Apple Pay,5
ORD-2024-0400,2024-09-19,Consumer,North America,Furniture,Standing Desk,438.87,1,0.05,416.93,Credit Card,5
ORD-2024-0401,2024-10-08,Corporate,Latin America,Apparel,Cotton Hoodie,52.79,1,0.0,52.79,Bank Transfer,3
ORD-2024-0402,2024-04-30,Corporate,Latin America,Electronics,Smart Watch,215.99,2,0.15,367.18,Bank Transfer,5
ORD-2024-0403,2024-03-19,Small Business,Europe,Office Supplies,Stapler Heavy Duty,21.59,8,0.0,172.72,Apple Pay,4
ORD-2024-0404,2024-07-03,Corporate,Asia-Pacific,Furniture,Bookshelf 5-Tier,118.3,4,0.0,473.2,Credit Card,3
ORD-2024-0405,2024-02-11,Small Business,North America,Office Supplies,Gel Pen Set 12x,12.28,4,0.0,49.12,Credit Card,5
ORD-2024-0406,2024-09-16,Small Business,North America,Electronics,4K Monitor,388.51,2,0.1,699.32,Bank Transfer,4
ORD-2024-0407,2024-10-03,Consumer,Asia-Pacific,Apparel,Tech Jacket,112.99,1,0.0,112.99,Apple Pay,4
ORD-2024-0408,2024-02-16,Small Business,Europe,Apparel,Casual Sneakers,87.96,2,0.05,167.12,PayPal,4
ORD-2024-0409,2024-04-01,Consumer,Europe,Furniture,Desk Lamp LED,35.92,5,0.0,179.6,Bank Transfer,4
ORD-2024-0410,2024-01-22,Small Business,North America,Furniture,Bookshelf 5-Tier,124.58,1,0.15,105.89,Bank Transfer,3
ORD-2024-0411,2024-09-23,Corporate,Latin America,Office Supplies,Stapler Heavy Duty,21.73,2,0.05,41.29,Credit Card,4
ORD-2024-0412,2024-07-11,Small Business,Latin America,Furniture,Desk Lamp LED,34.95,1,0.15,29.71,Credit Card,4
ORD-2024-0413,2024-03-12,Consumer,Europe,Apparel,Tech Jacket,107.59,1,0.05,102.21,PayPal,4
ORD-2024-0414,2024-03-01,Corporate,Latin America,Furniture,Desk Lamp LED,34.94,4,0.1,125.78,PayPal,4
ORD-2024-0415,2024-07-29,Small Business,North America,Electronics,Wireless Headphones,144.92,1,0.05,137.67,PayPal,2
ORD-2024-0416,2024-05-12,Consumer,Asia-Pacific,Furniture,Desk Lamp LED,33.32,2,0.05,63.31,PayPal,4
ORD-2024-0417,2024-08-29,Small Business,Europe,Apparel,Tech Jacket,106.07,1,0.0,106.07,Bank Transfer,3
ORD-2024-0418,2024-06-24,Small Business,Europe,Apparel,Cotton Hoodie,52.85,1,0.0,52.85,Apple Pay,5
ORD-2024-0419,2024-02-19,Consumer,North America,Furniture,Desk Lamp LED,36.32,5,0.05,172.52,Apple Pay,5
ORD-2024-0420,2024-10-03,Consumer,Latin America,Electronics,USB-C Hub,42.95,2,0.0,85.9,Apple Pay,5
ORD-2024-0421,2024-07-14,Corporate,North America,Office Supplies,Premium Notebook 3-Pack,18.48,2,0.0,36.96,Apple Pay,4
ORD-2024-0422,2024-01-03,Small Business,Europe,Electronics,4K Monitor,395.0,2,0.05,750.5,Bank Transfer,4
ORD-2024-0423,2024-02-24,Small Business,Latin America,Furniture,Desk Lamp LED,36.24,3,0.0,108.72,Bank Transfer,4
ORD-2024-0424,2024-07-22,Corporate,Latin America,Furniture,Desk Lamp LED,33.88,2,0.05,64.37,Bank Transfer,4
ORD-2024-0425,2024-07-22,Consumer,Europe,Furniture,Ergonomic Office Chair,285.58,3,0.0,856.74,PayPal,4
ORD-2024-0426,2024-06-22,Corporate,Europe,Electronics,Wireless Headphones,154.57,1,0.05,146.84,Apple Pay,3
ORD-2024-0427,2024-05-14,Small Business,Latin America,Furniture,Bookshelf 5-Tier,118.61,1,0.0,118.61,Bank Transfer,5
ORD-2024-0428,2024-01-30,Consumer,Asia-Pacific,Furniture,Desk Lamp LED,35.55,2,0.0,71.1,Credit Card,5
ORD-2024-0429,2024-09-18,Consumer,Europe,Furniture,Standing Desk,456.98,3,0.0,1370.94,Bank Transfer,5
ORD-2024-0430,2024-06-29,Consumer,North America,Apparel,Waterproof Backpack,66.54,2,0.05,126.43,Bank Transfer,5
ORD-2024-0431,2024-10-13,Corporate,Europe,Office Supplies,Stapler Heavy Duty,22.23,8,0.0,177.84,Apple Pay,4
ORD-2024-0432,2024-05-13,Consumer,Asia-Pacific,Furniture,Desk Lamp LED,35.01,2,0.05,66.52,Bank Transfer,5
ORD-2024-0433,2024-10-21,Corporate,Asia-Pacific,Office Supplies,Document Scanner,195.13,8,0.05,1482.99,Apple Pay,5
ORD-2024-0434,2024-01-15,Small Business,Europe,Apparel,Cotton Hoodie,56.59,1,0.0,56.59,PayPal,5
ORD-2024-0435,2024-07-30,Small Business,Latin America,Office Supplies,Premium Notebook 3-Pack,17.62,3,0.0,52.86,Bank Transfer,3
ORD-2024-0436,2024-04-01,Corporate,Europe,Apparel,Casual Sneakers,83.04,1,0.15,70.58,PayPal,4
ORD-2024-0437,2024-05-03,Consumer,Asia-Pacific,Office Supplies,Gel Pen Set 12x,12.4,1,0.1,11.16,Credit Card,3
ORD-2024-0438,2024-02-10,Corporate,Latin America,Apparel,Cotton Hoodie,52.48,3,0.05,149.57,Bank Transfer,4
ORD-2024-0439,2024-10-21,Consumer,Latin America,Office Supplies,Document Scanner,190.21,1,0.1,171.19,PayPal,2
ORD-2024-0440,2024-08-04,Corporate,Europe,Apparel,Cotton Hoodie,56.02,2,0.0,112.04,Credit Card,5
ORD-2024-0441,2024-08-23,Corporate,Asia-Pacific,Office Supplies,Premium Notebook 3-Pack,18.15,1,0.0,18.15,Bank Transfer,3
ORD-2024-0442,2024-05-14,Corporate,Latin America,Furniture,Bookshelf 5-Tier,118.39,2,0.05,224.94,PayPal,4
ORD-2024-0443,2024-07-09,Consumer,Europe,Office Supplies,Document Scanner,182.99,1,0.0,182.99,Bank Transfer,5
ORD-2024-0444,2024-10-11,Consumer,Latin America,Apparel,Waterproof Backpack,66.55,1,0.1,59.89,PayPal,4
ORD-2024-0445,2024-03-09,Consumer,Latin America,Office Supplies,Document Scanner,191.29,1,0.05,181.73,PayPal,2
ORD-2024-0446,2024-05-10,Corporate,Asia-Pacific,Apparel,Cotton Hoodie,54.24,2,0.0,108.48,Credit Card,4
ORD-2024-0447,2024-06-28,Small Business,Latin America,Furniture,Standing Desk,442.13,8,0.0,3537.04,Apple Pay,5
ORD-2024-0448,2024-07-14,Corporate,Asia-Pacific,Office Supplies,Document Scanner,183.68,2,0.0,367.36,Apple Pay,5
ORD-2024-0449,2024-02-06,Small Business,Asia-Pacific,Electronics,Wireless Headphones,152.3,1,0.0,152.3,Apple Pay,4
ORD-2024-0450,2024-08-15,Small Business,Europe,Office Supplies,Document Scanner,180.94,2,0.0,361.88,Bank Transfer,5
ORD-2024-0451,2024-02-10,Small Business,Latin America,Furniture,Standing Desk,469.66,1,0.0,469.66,Credit Card,2
ORD-2024-0452,2024-07-22,Corporate,Latin America,Electronics,Laptop Pro 15,1218.58,1,0.0,1218.58,PayPal,4
ORD-2024-0453,2024-05-25,Corporate,Asia-Pacific,Apparel,Tech Jacket,104.81,1,0.1,94.33,Apple Pay,4
ORD-2024-0454,2024-10-03,Small Business,Latin America,Office Supplies,Document Scanner,190.75,1,0.15,162.14,Apple Pay,4
ORD-2024-0455,2024-09-30,Corporate,Asia-Pacific,Office Supplies,Stapler Heavy Duty,21.1,2,0.0,42.2,Apple Pay,4
ORD-2024-0456,2024-06-04,Corporate,Asia-Pacific,Electronics,Laptop Pro 15,1156.36,2,0.1,2081.45,Credit Card,5
ORD-2024-0457,2024-09-08,Consumer,Europe,Apparel,Casual Sneakers,83.24,1,0.0,83.24,Bank Transfer,3
ORD-2024-0458,2024-10-14,Consumer,Latin America,Apparel,Waterproof Backpack,65.95,1,0.1,59.36,Bank Transfer,3
ORD-2024-0459,2024-05-02,Consumer,Europe,Office Supplies,Stapler Heavy Duty,21.49,2,0.05,40.83,PayPal,3
ORD-2024-0460,2024-02-26,Consumer,North America,Apparel,Waterproof Backpack,62.97,1,0.05,59.82,Credit Card,5
ORD-2024-0461,2024-01-12,Consumer,North America,Furniture,Ergonomic Office Chair,278.28,1,0.0,278.28,Credit Card,3
ORD-2024-0462,2024-09-09,Corporate,Asia-Pacific,Furniture,Bookshelf 5-Tier,119.98,2,0.1,215.96,Credit Card,4
ORD-2024-0463,2024-03-15,Corporate,Europe,Electronics,Smart Watch,219.34,3,0.0,658.02,Apple Pay,5
ORD-2024-0464,2024-03-03,Consumer,North America,Furniture,Desk Lamp LED,35.83,3,0.0,107.49,Apple Pay,5
ORD-2024-0465,2024-02-18,Small Business,Europe,Furniture,Desk Lamp LED,36.53,1,0.2,29.22,Credit Card,5
ORD-2024-0466,2024-10-08,Small Business,North America,Electronics,Smart Watch,216.93,2,0.0,433.86,PayPal,5
ORD-2024-0467,2024-04-30,Consumer,Latin America,Apparel,Casual Sneakers,85.72,1,0.1,77.15,Credit Card,5
ORD-2024-0468,2024-10-24,Small Business,North America,Apparel,Tech Jacket,106.23,1,0.0,106.23,Bank Transfer,5
ORD-2024-0469,2024-01-31,Corporate,Europe,Electronics,Smart Watch,226.41,2,0.1,407.54,PayPal,4
ORD-2024-0470,2024-10-12,Corporate,Europe,Office Supplies,Document Scanner,187.68,3,0.0,563.04,Credit Card,4
ORD-2024-0471,2024-08-12,Corporate,Latin America,Office Supplies,Document Scanner,187.11,1,0.0,187.11,PayPal,2
ORD-2024-0472,2024-03-20,Small Business,Latin America,Apparel,Casual Sneakers,84.61,4,0.05,321.52,PayPal,5
ORD-2024-0473,2024-07-05,Consumer,Latin America,Furniture,Bookshelf 5-Tier,120.47,3,0.05,343.34,Apple Pay,5
ORD-2024-0474,2024-03-19,Consumer,North America,Office Supplies,Stapler Heavy Duty,21.11,2,0.0,42.22,PayPal,3
ORD-2024-0475,2024-01-17,Small Business,Latin America,Furniture,Ergonomic Office Chair,281.99,2,0.0,563.98,Apple Pay,4
ORD-2024-0476,2024-05-11,Small Business,Europe,Electronics,Smart Watch,209.29,1,0.1,188.36,Apple Pay,5
ORD-2024-0477,2024-02-10,Small Business,Asia-Pacific,Apparel,Cotton Hoodie,57.15,1,0.1,51.44,Credit Card,5
ORD-2024-0478,2024-05-16,Consumer,North America,Electronics,Laptop Pro 15,1165.91,4,0.0,4663.64,PayPal,4
ORD-2024-0479,2024-04-07,Small Business,Latin America,Furniture,Standing Desk,452.63,2,0.15,769.47,Credit Card,5
ORD-2024-0480,2024-10-22,Small Business,Europe,Office Supplies,Document Scanner,182.48,3,0.0,547.44,Apple Pay,4
ORD-2024-0481,2024-03-21,Corporate,Asia-Pacific,Apparel,Casual Sneakers,89.22,5,0.05,423.8,Apple Pay,5
ORD-2024-0482,2024-06-14,Corporate,Asia-Pacific,Furniture,Standing Desk,461.01,1,0.05,437.96,Apple Pay,5
ORD-2024-0483,2024-01-01,Consumer,Asia-Pacific,Electronics,Smart Watch,230.86,2,0.05,438.63,Bank Transfer,5
ORD-2024-0484,2024-04-19,Consumer,Europe,Office Supplies,Premium Notebook 3-Pack,18.58,3,0.15,47.38,Credit Card,4
ORD-2024-0485,2024-03-20,Consumer,Asia-Pacific,Furniture,Bookshelf 5-Tier,116.8,1,0.05,110.96,Apple Pay,4
ORD-2024-0486,2024-04-21,Small Business,North America,Electronics,Smart Watch,227.17,3,0.0,681.51,Bank Transfer,2
ORD-2024-0487,2024-10-22,Corporate,Latin America,Apparel,Cotton Hoodie,54.09,3,0.15,137.93,Credit Card,5
ORD-2024-0488,2024-04-26,Corporate,Europe,Electronics,USB-C Hub,44.19,1,0.05,41.98,PayPal,3
ORD-2024-0489,2024-07-20,Corporate,Europe,Apparel,Cotton Hoodie,54.42,1,0.0,54.42,Credit Card,4
ORD-2024-0490,2024-01-26,Consumer,Europe,Apparel,Casual Sneakers,87.33,1,0.05,82.96,Apple Pay,4
ORD-2024-0491,2024-09-06,Consumer,Europe,Apparel,Tech Jacket,110.27,2,0.2,176.43,Bank Transfer,5
ORD-2024-0492,2024-06-14,Corporate,Asia-Pacific,Electronics,Laptop Pro 15,1181.8,3,0.0,3545.4,Credit Card,5
ORD-2024-0493,2024-03-27,Consumer,Europe,Office Supplies,Document Scanner,198.06,2,0.0,396.12,Bank Transfer,3
ORD-2024-0494,2024-02-13,Consumer,Asia-Pacific,Electronics,Laptop Pro 15,1157.72,1,0.05,1099.83,Bank Transfer,5
ORD-2024-0495,2024-02-26,Consumer,Europe,Office Supplies,Document Scanner,194.56,2,0.0,389.12,Bank Transfer,4
ORD-2024-0496,2024-03-13,Consumer,Europe,Electronics,USB-C Hub,42.95,2,0.05,81.61,Bank Transfer,3
ORD-2024-0497,2024-05-18,Small Business,Asia-Pacific,Electronics,USB-C Hub,44.5,3,0.0,133.5,Bank Transfer,5
ORD-2024-0498,2024-01-10,Corporate,North America,Office Supplies,Document Scanner,199.06,1,0.0,199.06,Apple Pay,5
ORD-2024-0499,2024-09-29,Consumer,North America,Electronics,Wireless Headphones,150.91,1,0.2,120.73,PayPal,5
ORD-2024-0500,2024-06-05,Corporate,Asia-Pacific,Office Supplies,Document Scanner,187.09,1,0.0,187.09,Bank Transfer,4
